{"posicion":{"x":0.6756787300109863,"y":-1.6497312784194947,"z":0.0}}