{"posicion":{"x":-2.369999885559082,"y":-1.6497312784194947,"z":0.0}}